{
  "emotions": [
    {
      "id": 1,
      "name": "Calm",
      "level": 2,
      "color": "#10b981",
      "icon": "😊",
      "keywords": ["good", "ok", "fine", "alright", "better", "calm", "peaceful", "relaxed"]
    },
    {
      "id": 2,
      "name": "Stressed",
      "level": 8,
      "color": "#f59e0b",
      "icon": "😰",
      "keywords": ["stress", "stressed", "overwhelmed", "pressure", "deadline", "busy", "rushed"]
    },
    {
      "id": 3,
      "name": "Anxious",
      "level": 7,
      "color": "#ef4444",
      "icon": "😨",
      "keywords": ["anxious", "anxiety", "worried", "nervous", "panic", "scared", "fear", "what if"]
    },
    {
      "id": 4,
      "name": "Lonely",
      "level": 6,
      "color": "#0ea5e9",
      "icon": "😔",
      "keywords": ["lonely", "alone", "isolated", "empty", "miss", "friends", "social", "connection"]
    },
    {
      "id": 5,
      "name": "Overwhelmed",
      "level": 9,
      "color": "#dc2626",
      "icon": "😵",
      "keywords": ["overwhelmed", "too much", "can't handle", "drowning", "juggling", "multiple", "many"]
    },
    {
      "id": 6,
      "name": "Burnout",
      "level": 9,
      "color": "#ea580c",
      "icon": "😴",
      "keywords": ["tired", "exhausted", "burnout", "drained", "fatigue", "no energy", "sleepy"]
    },
    {
      "id": 7,
      "name": "Sad",
      "level": 5,
      "color": "#3b82f6",
      "icon": "😢",
      "keywords": ["sad", "down", "low", "unhappy", "tears", "cry", "depressed", "blue"]
    },
    {
      "id": 8,
      "name": "Frustrated",
      "level": 6,
      "color": "#f97316",
      "icon": "😠",
      "keywords": ["frustrated", "angry", "annoyed", "mad", "irritated", "upset", "rage", "furious"]
    },
    {
      "id": 9,
      "name": "Hopeful",
      "level": 3,
      "color": "#8b5cf6",
      "icon": "✨",
      "keywords": ["hope", "hopeful", "optimistic", "positive", "better", "improving", "progress"]
    },
    {
      "id": 10,
      "name": "Academic Pressure",
      "level": 8,
      "color": "#8b5cf6",
      "icon": "📚",
      "keywords": ["exam", "test", "grade", "study", "assignment", "homework", "project", "due", "fail"]
    }
  ]
}